<?xml version="1.0" encoding="UTF-8"?>
<!DOCTYPE hibernate-configuration PUBLIC
    "-//Hibernate/Hibernate Configuration DTD 3.0//EN"
    "http://hibernate.sourceforge.net/hibernate-configuration-3.0.dtd">
<hibernate-configuration>
	<session-factory>
		<property name="hibernate.dialect"> org.hibernate.dialect.MySQLDialect</property>

		<property name="hbm2ddl.auto">update</property>

		<property name="hibernate.connection.Driver_class">com.mysql.jdbc.Driver</property>

		<property name="hibernate.connection.url">Jdbc:mysql://localhost:3306/swiggy</property>

		<property name="hibernate.connection.username">root</property>

		<property name="hibernate.connection.password"></property>

		<property name="show_sql">True</property>

		<mapping class="com.app.model.User" />
		<mapping class="com.app.model.OrderInfo" />
	<mapping class="com.app.model.CustomerOrder" />

	</session-factory>



</hibernate-configuration>